title,company,location
Estagiário jurídico,MSSB Law,"Porto Alegre, Rio Grande do Sul"
Estagio - Social Media,AllType MKT,"Campo Grande, Mato Grosso do Sul"
Diretor Professional Services,i4pro,"São Paulo, Estado de São Paulo"
Vendedor Motociclista,Tudo para Moto,"Colombo, Paraná"
Software Architect Specialist,Sankhya,Brasil
Vendedor Pleno | Microsoft,Lattine Group,"Barueri, Estado de São Paulo"
Engenheiro(a) de Manutenção Predial e Fachadas Corporativas (São Paulo - SP),Via7,"São Paulo, Estado de São Paulo"
Aruba Network Engineer (Relocation to Portugal),Aubay Portugal,Brasil
Java Support Engineer,Net2Source ,Brasil
Consultor(a) SAP CO Sênior,Inetum,Brasil
